Number|Gender|GivenName|Surname|StreetAddress|City|State|ZipCode|CountryFull|TelephoneNumber|Birthday|NationalID|Occupation|CCType
1|female|Julieta|Costa|Rua Califórnia 1207|Volta Redonda|RJ|27273-335|Brazil|(24) 6254-6061|11/28/1989|930.345.837-02|Building superintendent|Visa
2|female|Julia|Fernandes|Avenida II 1876|Maracanaú|CE|61900-370|Brazil|(85) 8857-3396|10/21/1973|165.385.003-58|Groundskeeping worker|Visa
3|female|Camila|Fernandes|Rua Centenário 1128|Foz do Iguaçu|PR|85859-110|Brazil|(45) 9225-3952|12/24/1992|937.944.855-48|Job placement specialist|Visa
4|male|Victor|Rodrigues|Rua Tacha 381|Arapongas|PR|86702-580|Brazil|(43) 8123-3218|2/27/1953|358.922.461-40|Environmental protection officer|MasterCard
5|male|Diego|Pinto|Rua Dezesseis 1620|Ribeirão das Neves|MG|33937-260|Brazil|(31) 7433-5247|9/14/1949|346.408.811-18|News camera operator|Visa
6|male|Davi|Santos|Rua A 758|Jaboatão dos Guararapes|PE|54480-000|Brazil|(81) 9223-9703|9/15/1945|241.267.037-48|Worker compensation coordinator|Visa
7|male|Caio|Correia|Rua Ângela Maria 674|Barueri|SP|06411-330|Brazil|(11) 9861-5530|4/2/1961|717.693.402-97|Customer services manager|MasterCard
8|male|Pedro|Martins|Rua Pedro Marcola 1496|Lins|SP|16402-010|Brazil|(19) 3173-7065|5/23/1980|175.557.104-63|Osteopathic physician|MasterCard
9|male|Rafael|Carvalho|Quadra Quadra QR 418 Conjunto L 143|Santa Maria|DF|72548-712|USA|(61) 3606-6230|12/3/1984|356.596.401-41|Mechanical inspector|Visa
